{"cameraMode":{"drawMode":0,"name":"Shaded","section":"Shading Mode"},"sceneLighting":false,"audioPlay":false,"sceneViewState":{"m_AlwaysRefresh":false,"showFog":true,"showSkybox":true,"showFlares":true,"showImageEffects":true,"showParticleSystems":true,"showVisualEffectGraphs":true,"m_FxEnabled":true},"in2DMode":false,"pivot":{"x":-0.6801912188529968,"y":2.4674172401428224,"z":0.22405779361724854},"rotation":{"x":0.023293981328606607,"y":0.960385799407959,"z":-0.2645666301250458,"w":0.084676593542099},"size":0.7192599177360535,"orthographic":false}