{"cameraMode":{"drawMode":0,"name":"Shaded","section":"Shading Mode"},"sceneLighting":true,"audioPlay":false,"sceneViewState":{"m_AlwaysRefresh":false,"showFog":true,"showSkybox":true,"showFlares":true,"showImageEffects":true,"showParticleSystems":true,"showVisualEffectGraphs":true,"m_FxEnabled":true},"in2DMode":false,"pivot":{"x":10.659542083740235,"y":-0.10862493515014649,"z":-12.79667854309082},"rotation":{"x":0.35255250334739687,"y":0.26620563864707949,"z":-0.1053815633058548,"w":0.8909472227096558},"size":5.861189842224121,"orthographic":false}