{"cameraMode":{"drawMode":0,"name":"Shaded","section":"Shading Mode"},"sceneLighting":false,"audioPlay":false,"sceneViewState":{"m_AlwaysRefresh":false,"showFog":true,"showSkybox":false,"showFlares":true,"showImageEffects":true,"showParticleSystems":true,"showVisualEffectGraphs":true,"m_FxEnabled":true},"in2DMode":false,"pivot":{"x":0.04712812602519989,"y":1.2442169189453126,"z":0.07311093807220459},"rotation":{"x":0.0036056130193173887,"y":0.9838746190071106,"z":-0.17782562971115113,"w":0.020111752673983575},"size":1.0067166090011597,"orthographic":false}